key,key:maintenanceRecord,key:task
maintenanceRecordTask-01,maintenanceRecord-05,task-09
maintenanceRecordTask-02,maintenanceRecord-17,task-22
maintenanceRecordTask-03,maintenanceRecord-24,task-06
maintenanceRecordTask-04,maintenanceRecord-09,task-15
maintenanceRecordTask-05,maintenanceRecord-14,task-09
maintenanceRecordTask-06,maintenanceRecord-21,task-19
maintenanceRecordTask-07,maintenanceRecord-01,task-07
maintenanceRecordTask-08,maintenanceRecord-03,task-17
maintenanceRecordTask-09,maintenanceRecord-16,task-11
maintenanceRecordTask-10,maintenanceRecord-02,task-10
maintenanceRecordTask-11,maintenanceRecord-12,task-04
maintenanceRecordTask-12,maintenanceRecord-04,task-20