key,enabled,identity,password,username
user-account-consumer-01,true,"UserIdentity{name: 'Peter', surname: 'Consumer', email: 'peter@acme.com'}",consumer1,consumer1
user-account-consumer-02,true,"UserIdentity{name: 'Mary', surname: '貸んい建濯よ芝弾テソ Λορεμ ιπσθμ', email: 'mary@acme.com'}",consumer2,consumer2
user-account-consumer-03,true,"UserIdentity{name: 'Manolo', surname: '之乎路可良 ᏥᏲᏎᎭ', email: 'manolo@acme.com'}",consumer3,consumer3
user-account-provider-01,true,"UserIdentity{name: 'Laurel', surname: 'Provider', email: 'laurel@acme.com'}",provider1,provider1
user-account-provider-02,true,"UserIdentity{name: 'Martina', surname: 'коза თხა', email: 'martina@acme.com'}",provider2,provider2
user-account-provider-03,true,"UserIdentity{name: 'Antonia', surname: 'אבטיח Æløzå', email: 'antonia@acme.com'}",provider3,provider3
user-account-assistanceAgent-00,true,"UserIdentity{name: 'Pedro', surname: 'Martínez', email: 'Pedro@acme.com'}",agent0,agent0
user-account-assistanceAgent-01,true,"UserIdentity{name: 'Juan Antonio', surname: 'Ruiz', email: 'JuanAntonio@acme.com'}",agent1,agent1
user-account-assistanceAgent-02,true,"UserIdentity{name: 'Juan', surname: 'Lopez', email: 'Juan@acme.com'}",agent2,agent2
user-account-assistanceAgent-03,true,"UserIdentity{name: 'Antonio', surname: 'Rodriguez', email: 'Antonio@acme.com'}",agent3,agent3
user-account-assistanceAgent-04,true,"UserIdentity{name: 'Nombre4', surname: 'Apellido4', email: 'user4@acme.com'}",agent4,agent4
user-account-assistanceAgent-05,true,"UserIdentity{name: 'Nombre5', surname: 'Apellido5', email: 'user5@acme.com'}",agent5,agent5
user-account-assistanceAgent-06,true,"UserIdentity{name: 'Nombre6', surname: 'Apellido6', email: 'user6@acme.com'}",agent6,agent6
user-account-assistanceAgent-07,true,"UserIdentity{name: 'Nombre7', surname: 'Apellido7', email: 'user7@acme.com'}",agent7,agent7
user-account-assistanceAgent-08,true,"UserIdentity{name: 'Nombre8', surname: 'Apellido8', email: 'user8@acme.com'}",agent8,agent8
user-account-assistanceAgent-09,true,"UserIdentity{name: 'Nombre9', surname: 'Apellido9', email: 'user9@acme.com'}",agent9,agent9
user-account-assistanceAgent-10,true,"UserIdentity{name: 'Nombre10', surname: 'Apellido10', email: 'user10@acme.com'}",agent10,agent10
user-account-assistanceAgent-11,true,"UserIdentity{name: 'Nombre11', surname: 'Apellido11', email: 'user11@acme.com'}",agent11,agent11
user-account-assistanceAgent-12,true,"UserIdentity{name: 'Nombre12', surname: 'Apellido12', email: 'user12@acme.com'}",agent12,agent12
user-account-assistanceAgent-13,true,"UserIdentity{name: 'Nombre13', surname: 'Apellido13', email: 'user13@acme.com'}",agent13,agent13
user-account-assistanceAgent-14,true,"UserIdentity{name: 'Nombre14', surname: 'Apellido14', email: 'user14@acme.com'}",agent14,agent14
user-account-assistanceAgent-15,true,"UserIdentity{name: 'Nombre15', surname: 'Apellido15', email: 'user15@acme.com'}",agent15,agent15
user-account-assistanceAgent-16,true,"UserIdentity{name: 'Nombre16', surname: 'Apellido16', email: 'user16@acme.com'}",agent16,agent16
user-account-assistanceAgent-17,true,"UserIdentity{name: 'Nombre17', surname: 'Apellido17', email: 'user17@acme.com'}",agent17,agent17
user-account-assistanceAgent-18,true,"UserIdentity{name: 'Nombre18', surname: 'Apellido18', email: 'user18@acme.com'}",agent18,agent18
user-account-assistanceAgent-19,true,"UserIdentity{name: 'Nombre19', surname: 'Apellido19', email: 'user19@acme.com'}",agent19,agent19
user-account-assistanceAgent-20,true,"UserIdentity{name: 'Nombre20', surname: 'Apellido20', email: 'user20@acme.com'}",agent20,agent20
user-account-assistanceAgent-21,true,"UserIdentity{name: 'Nombre21', surname: 'Apellido21', email: 'user21@acme.com'}",agent21,agent21
user-account-assistanceAgent-22,true,"UserIdentity{name: 'Nombre22', surname: 'Apellido22', email: 'user22@acme.com'}",agent22,agent22
user-account-assistanceAgent-23,true,"UserIdentity{name: 'Nombre23', surname: 'Apellido23', email: 'user23@acme.com'}",agent23,agent23
user-account-assistanceAgent-24,true,"UserIdentity{name: 'Nombre24', surname: 'Apellido24', email: 'user24@acme.com'}",agent24,agent24
user-account-assistanceAgent-25,true,"UserIdentity{name: 'Nombre25', surname: 'Apellido25', email: 'user25@acme.com'}",agent25,agent25
user-account-assistanceAgent-26,true,"UserIdentity{name: 'Nombre26', surname: 'Apellido26', email: 'user26@acme.com'}",agent26,agent26
user-account-assistanceAgent-27,true,"UserIdentity{name: 'Nombre27', surname: 'Apellido27', email: 'user27@acme.com'}",agent27,agent27
user-account-assistanceAgent-28,true,"UserIdentity{name: 'Nombre28', surname: 'Apellido28', email: 'user28@acme.com'}",agent28,agent28
user-account-assistanceAgent-29,true,"UserIdentity{name: 'Nombre29', surname: 'Apellido29', email: 'user29@acme.com'}",agent29,agent29
user-account-assistanceAgent-30,true,"UserIdentity{name: 'Nombre30', surname: 'Apellido30', email: 'user30@acme.com'}",agent30,agent30
user-account-assistanceAgent-31,true,"UserIdentity{name: 'Nombre31', surname: 'Apellido31', email: 'user31@acme.com'}",agent31,agent31
user-account-assistanceAgent-32,true,"UserIdentity{name: 'Nombre32', surname: 'Apellido32', email: 'user32@acme.com'}",agent32,agent32
user-account-assistanceAgent-33,true,"UserIdentity{name: 'Nombre33', surname: 'Apellido33', email: 'user33@acme.com'}",agent33,agent33
user-account-assistanceAgent-34,true,"UserIdentity{name: 'Nombre34', surname: 'Apellido34', email: 'user34@acme.com'}",agent34,agent34
user-account-assistanceAgent-35,true,"UserIdentity{name: 'Nombre35', surname: 'Apellido35', email: 'user35@acme.com'}",agent35,agent35
user-account-assistanceAgent-36,true,"UserIdentity{name: 'Nombre36', surname: 'Apellido36', email: 'user36@acme.com'}",agent36,agent36
user-account-assistanceAgent-37,true,"UserIdentity{name: 'Nombre37', surname: 'Apellido37', email: 'user37@acme.com'}",agent37,agent37
user-account-assistanceAgent-38,true,"UserIdentity{name: 'Nombre38', surname: 'Apellido38', email: 'user38@acme.com'}",agent38,agent38
user-account-assistanceAgent-39,true,"UserIdentity{name: 'Nombre39', surname: 'Apellido39', email: 'user39@acme.com'}",agent39,agent39
user-account-assistanceAgent-40,true,"UserIdentity{name: 'Nombre40', surname: 'Apellido40', email: 'user40@acme.com'}",agent40,agent40
user-account-assistanceAgent-41,true,"UserIdentity{name: 'Nombre41', surname: 'Apellido41', email: 'user41@acme.com'}",agent41,agent41
user-account-assistanceAgent-42,true,"UserIdentity{name: 'Nombre42', surname: 'Apellido42', email: 'user42@acme.com'}",agent42,agent42
user-account-assistanceAgent-43,true,"UserIdentity{name: 'Nombre43', surname: 'Apellido43', email: 'user43@acme.com'}",agent43,agent43
user-account-assistanceAgent-44,true,"UserIdentity{name: 'Nombre44', surname: 'Apellido44', email: 'user44@acme.com'}",agent44,agent44
user-account-assistanceAgent-45,true,"UserIdentity{name: 'Nombre45', surname: 'Apellido45', email: 'user45@acme.com'}",agent45,agent45
user-account-assistanceAgent-46,true,"UserIdentity{name: 'Nombre46', surname: 'Apellido46', email: 'user46@acme.com'}",agent46,agent46

"user-account-manager-01",true,"UserIdentity{name: 'Thomas', surname: 'Jones', email: 'thomas.jones@acme.com' }","manager1","manager1"
"user-account-manager-02",true,"UserIdentity{name: 'Tyler', surname: 'Mays', email: 'tyler.mays@acme.com' }","manager2","manager2"
"user-account-manager-03",true,"UserIdentity{name: 'Samuel', surname: 'Brown', email: 'samuel.brown@acme.com' }","manager3","manager3"
"user-account-manager-04",true,"UserIdentity{name: 'Joseph', surname: 'Little', email: 'joseph.little@acme.com' }","manager4","manager4"
"user-account-manager-05",true,"UserIdentity{name: 'Taylor', surname: 'Henry', email: 'taylor.henry@acme.com' }","manager5","manager5"
"user-account-manager-06",true,"UserIdentity{name: 'Kenneth', surname: 'White', email: 'kenneth.white@acme.com' }","manager6","manager6"
"user-account-manager-07",true,"UserIdentity{name: 'Tina', surname: 'Gonzalez', email: 'tina.gonzalez@acme.com' }","manager7","manager7"
"user-account-manager-08",true,"UserIdentity{name: 'Anthony', surname: 'Anderson', email: 'anthony.anderson@acme.com' }","manager8","manager8"
"user-account-manager-09",true,"UserIdentity{name: 'Ashley', surname: 'Beck', email: 'ashley.beck@acme.com' }","manager9","manager9"
"user-account-manager-10",true,"UserIdentity{name: 'David', surname: 'Fleming', email: 'david.fleming@acme.com' }","manager10","manager10"
"user-account-manager-11",true,"UserIdentity{name: 'Christopher', surname: 'Hoffman', email: 'christopher.hoffman@acme.com' }","manager11","manager11"
"user-account-manager-12",true,"UserIdentity{name: 'Raymond', surname: 'Webster', email: 'raymond.webster@acme.com' }","manager12","manager12"
"user-account-manager-13",true,"UserIdentity{name: 'Michael', surname: 'Whitehead', email: 'michael.whitehead@acme.com' }","manager13","manager13"
"user-account-manager-14",true,"UserIdentity{name: 'Kaitlin', surname: 'Wagner', email: 'kaitlin.wagner@acme.com' }","manager14","manager14"
"user-account-manager-15",true,"UserIdentity{name: 'James', surname: 'Powell', email: 'james.powell@acme.com' }","manager15","manager15"
"user-account-manager-16",true,"UserIdentity{name: 'Timothy', surname: 'Sanders', email: 'timothy.sanders@acme.com' }","manager16","manager16"
"user-account-manager-17",true,"UserIdentity{name: 'Kyle', surname: 'Murphy', email: 'kyle.murphy@acme.com' }","manager17","manager17"
"user-account-manager-18",true,"UserIdentity{name: 'Morgan', surname: 'Gordon', email: 'morgan.gordon@acme.com' }","manager18","manager18"
"user-account-manager-19",true,"UserIdentity{name: 'Melissa', surname: 'Sanchez', email: 'melissa.sanchez@acme.com' }","manager19","manager19"
"user-account-manager-20",true,"UserIdentity{name: 'Billy', surname: 'Nguyen', email: 'billy.nguyen@acme.com' }","manager20","manager20"
"user-account-manager-21",true,"UserIdentity{name: 'Juan', surname: 'Stewart', email: 'juan.stewart@acme.com' }","manager21","manager21"
"user-account-manager-22",true,"UserIdentity{name: 'Shane', surname: 'Johnson', email: 'shane.johnson@acme.com' }","manager22","manager22"
"user-account-manager-23",true,"UserIdentity{name: 'Amy', surname: 'Wilson', email: 'amy.wilson@acme.com' }","manager23","manager23"
"user-account-manager-24",true,"UserIdentity{name: 'Diane', surname: 'Swanson', email: 'diane.swanson@acme.com' }","manager24","manager24"
"user-account-manager-25",true,"UserIdentity{name: 'Justin', surname: 'Conner', email: 'justin.conner@acme.com' }","manager25","manager25"
"user-account-manager-26",true,"UserIdentity{name: 'Sarah', surname: 'Phillips', email: 'sarah.phillips@acme.com' }","manager26","manager26"
"user-account-manager-27",true,"UserIdentity{name: 'James', surname: 'Shelton', email: 'james.shelton@acme.com' }","manager27","manager27"
"user-account-manager-28",true,"UserIdentity{name: 'Heather', surname: 'Nelson', email: 'heather.nelson@acme.com' }","manager28","manager28"
"user-account-manager-29",true,"UserIdentity{name: 'Veronica', surname: 'Burke', email: 'veronica.burke@acme.com' }","manager29","manager29"
"user-account-manager-30",true,"UserIdentity{name: 'Kevin', surname: 'Williams', email: 'kevin.williams@acme.com' }","manager30","manager30"
"user-account-manager-31",true,"UserIdentity{name: 'Tim', surname: 'Guerrero', email: 'tim.guerrero@acme.com' }","manager31","manager31"
"user-account-manager-32",true,"UserIdentity{name: 'Paula', surname: 'Hall', email: 'paula.hall@acme.com' }","manager32","manager32"
"user-account-manager-33",true,"UserIdentity{name: 'Martha', surname: 'Moss', email: 'martha.moss@acme.com' }","manager33","manager33"
"user-account-manager-34",true,"UserIdentity{name: 'Nicholas', surname: 'Andrews', email: 'nicholas.andrews@acme.com' }","manager34","manager34"
"user-account-manager-35",true,"UserIdentity{name: 'Tracy', surname: 'Simpson', email: 'tracy.simpson@acme.com' }","manager35","manager35"
"user-account-manager-36",true,"UserIdentity{name: 'Robert', surname: 'Shaffer', email: 'robert.shaffer@acme.com' }","manager36","manager36"
"user-account-manager-37",true,"UserIdentity{name: 'Shawn', surname: 'Walsh', email: 'shawn.walsh@acme.com' }","manager37","manager37"
"user-account-manager-38",true,"UserIdentity{name: 'Lisa', surname: 'Adams', email: 'lisa.adams@acme.com' }","manager38","manager38"
user-account-customer-01,true,"UserIdentity{name: 'Customer1', surname: 'Customer', email: 'Customer1@acme.com'}",customer1,customer1
user-account-customer-02,true,"UserIdentity{name: 'Customer2', surname: 'Customer', email: 'Customer2@acme.com'}",customer2,customer2
user-account-customer-03,true,"UserIdentity{name: 'Customer3', surname: 'Customer', email: 'Customer3@acme.com'}",customer3,customer3
user-account-customer-04,true,"UserIdentity{name: 'Customer4', surname: 'Customer', email: 'Customer4@acme.com'}",customer4,customer4
user-account-customer-05,true,"UserIdentity{name: 'Customer5', surname: 'Customer', email: 'Customer5@acme.com'}",customer5,customer5
user-account-customer-06,true,"UserIdentity{name: 'Customer6', surname: 'Customer', email: 'Customer6@acme.com'}",customer6,customer6
user-account-customer-07,true,"UserIdentity{name: 'Customer7', surname: 'Customer', email: 'Customer7@acme.com'}",customer7,customer7
user-account-customer-08,true,"UserIdentity{name: 'Customer8', surname: 'Customer', email: 'Customer8@acme.com'}",customer8,customer8
user-account-customer-09,true,"UserIdentity{name: 'Customer9', surname: 'Customer', email: 'Customer9@acme.com'}",customer9,customer9
user-account-customer-10,true,"UserIdentity{name: 'Customer10', surname: 'Customer', email: 'Customer10@acme.com'}",customer10,customer10
user-account-customer-11,true,"UserIdentity{name: 'Customer11', surname: 'Customer', email: 'Customer11@acme.com'}",customer11,customer11
user-account-customer-12,true,"UserIdentity{name: 'Customer12', surname: 'Customer', email: 'Customer12@acme.com'}",customer12,customer12
user-account-customer-13,true,"UserIdentity{name: 'Customer13', surname: 'Customer', email: 'Customer13@acme.com'}",customer13,customer13
user-account-customer-14,true,"UserIdentity{name: 'Customer14', surname: 'Customer', email: 'Customer14@acme.com'}",customer14,customer14
user-account-customer-15,true,"UserIdentity{name: 'Customer15', surname: 'Customer', email: 'Customer15@acme.com'}",customer15,customer15
user-account-customer-16,true,"UserIdentity{name: 'Customer16', surname: 'Customer', email: 'Customer16@acme.com'}",customer16,customer16
user-account-customer-17,true,"UserIdentity{name: 'Customer17', surname: 'Customer', email: 'Customer17@acme.com'}",customer17,customer17
user-account-customer-18,true,"UserIdentity{name: 'Customer18', surname: 'Customer', email: 'Customer18@acme.com'}",customer18,customer18
user-account-customer-19,true,"UserIdentity{name: 'Customer19', surname: 'Customer', email: 'Customer19@acme.com'}",customer19,customer19
user-account-customer-20,true,"UserIdentity{name: 'Customer20', surname: 'Customer', email: 'Customer20@acme.com'}",customer20,customer20
user-account-customer-21,true,"UserIdentity{name: 'Customer21', surname: 'Customer', email: 'Customer21@acme.com'}",customer21,customer21
user-account-customer-22,true,"UserIdentity{name: 'Customer22', surname: 'Customer', email: 'Customer22@acme.com'}",customer22,customer22
user-account-customer-23,true,"UserIdentity{name: 'Customer23', surname: 'Customer', email: 'Customer23@acme.com'}",customer23,customer23
user-account-customer-24,true,"UserIdentity{name: 'Customer24', surname: 'Customer', email: 'Customer24@acme.com'}",customer24,customer24
user-account-customer-25,true,"UserIdentity{name: 'Customer25', surname: 'Customer', email: 'Customer25@acme.com'}",customer25,customer25
user-account-customer-26,true,"UserIdentity{name: 'Customer26', surname: 'Customer', email: 'Customer26@acme.com'}",customer26,customer26
user-account-customer-27,true,"UserIdentity{name: 'Customer27', surname: 'Customer', email: 'Customer27@acme.com'}",customer27,customer27
user-account-customer-28,true,"UserIdentity{name: 'Customer28', surname: 'Customer', email: 'Customer28@acme.com'}",customer28,customer28
user-account-customer-29,true,"UserIdentity{name: 'Customer29', surname: 'Customer', email: 'Customer29@acme.com'}",customer29,customer29
user-account-customer-30,true,"UserIdentity{name: 'Customer30', surname: 'Customer', email: 'Customer30@acme.com'}",customer30,customer30
user-account-customer-31,true,"UserIdentity{name: 'Customer31', surname: 'Customer', email: 'Customer31@acme.com'}",customer31,customer31
user-account-customer-32,true,"UserIdentity{name: 'Customer32', surname: 'Customer', email: 'Customer32@acme.com'}",customer32,customer32
user-account-customer-33,true,"UserIdentity{name: 'Customer33', surname: 'Customer', email: 'Customer33@acme.com'}",customer33,customer33
user-account-customer-34,true,"UserIdentity{name: 'Customer34', surname: 'Customer', email: 'Customer34@acme.com'}",customer34,customer34
user-account-customer-35,true,"UserIdentity{name: 'Customer35', surname: 'Customer', email: 'Customer35@acme.com'}",customer35,customer35
user-account-customer-36,true,"UserIdentity{name: 'Customer36', surname: 'Customer', email: 'Customer36@acme.com'}",customer36,customer36
user-account-customer-37,true,"UserIdentity{name: 'Customer37', surname: 'Customer', email: 'Customer37@acme.com'}",customer37,customer37
user-account-customer-38,true,"UserIdentity{name: 'Customer38', surname: 'Customer', email: 'Customer38@acme.com'}",customer38,customer38
user-account-customer-39,true,"UserIdentity{name: 'Customer39', surname: 'Customer', email: 'Customer39@acme.com'}",customer39,customer39
user-account-customer-40,true,"UserIdentity{name: 'Customer40', surname: 'Customer', email: 'Customer40@acme.com'}",customer40,customer40
user-account-customer-41,true,"UserIdentity{name: 'Customer41', surname: 'Customer', email: 'Customer41@acme.com'}",customer41,customer41
user-account-customer-42,true,"UserIdentity{name: 'Customer42', surname: 'Customer', email: 'Customer42@acme.com'}",customer42,customer42
user-account-customer-43,true,"UserIdentity{name: 'Customer43', surname: 'Customer', email: 'Customer43@acme.com'}",customer43,customer43
user-account-customer-44,true,"UserIdentity{name: 'Customer44', surname: 'Customer', email: 'Customer44@acme.com'}",customer44,customer44
user-account-customer-45,true,"UserIdentity{name: 'Customer45', surname: 'Customer', email: 'Customer45@acme.com'}",customer45,customer45
user-account-customer-46,true,"UserIdentity{name: 'Customer46', surname: 'Customer', email: 'Customer46@acme.com'}",customer46,customer46
user-account-customer-47,true,"UserIdentity{name: 'Customer47', surname: 'Customer', email: 'Customer47@acme.com'}",customer47,customer47
user-account-customer-48,true,"UserIdentity{name: 'Customer48', surname: 'Customer', email: 'Customer48@acme.com'}",customer48,customer48
user-account-customer-49,true,"UserIdentity{name: 'Customer49', surname: 'Customer', email: 'Customer49@acme.com'}",customer49,customer49
user-account-customer-50,true,"UserIdentity{name: 'Customer50', surname: 'Customer', email: 'Customer50@acme.com'}",customer50,customer50
user-account-customer-51,true,"UserIdentity{name: 'Customer51', surname: 'Customer', email: 'Customer51@acme.com'}",customer51,customer51
user-account-customer-52,true,"UserIdentity{name: 'Customer52', surname: 'Customer', email: 'Customer52@acme.com'}",customer52,customer52
user-account-customer-53,true,"UserIdentity{name: 'Customer53', surname: 'Customer', email: 'Customer53@acme.com'}",customer53,customer53
user-account-customer-54,true,"UserIdentity{name: 'Customer54', surname: 'Customer', email: 'Customer54@acme.com'}",customer54,customer54
user-account-customer-55,true,"UserIdentity{name: 'Customer55', surname: 'Customer', email: 'Customer55@acme.com'}",customer55,customer55
user-account-customer-56,true,"UserIdentity{name: 'Customer56', surname: 'Customer', email: 'Customer56@acme.com'}",customer56,customer56
user-account-customer-57,true,"UserIdentity{name: 'Customer57', surname: 'Customer', email: 'Customer57@acme.com'}",customer57,customer57
user-account-customer-58,true,"UserIdentity{name: 'Customer58', surname: 'Customer', email: 'Customer58@acme.com'}",customer58,customer58
user-account-customer-59,true,"UserIdentity{name: 'Customer59', surname: 'Customer', email: 'Customer59@acme.com'}",customer59,customer59
user-account-customer-60,true,"UserIdentity{name: 'Customer60', surname: 'Customer', email: 'Customer60@acme.com'}",customer60,customer60
user-account-crew-30,true,"UserIdentity{name: 'CrewMember', surname: 'CrewMember', email: 'crew@acme.com'}",member,member
user-account-crew-01,true,"UserIdentity{name: 'CrewMember1', surname: 'CrewMember1', email: 'crew01@acme.com'}",member1,member1
user-account-crew-02,true,"UserIdentity{name: 'CrewMember2', surname: 'CrewMember2', email: 'crew02@acme.com'}",member2,member2
user-account-crew-03,true,"UserIdentity{name: 'CrewMember3', surname: 'CrewMember3', email: 'crew03@acme.com'}",member3,member3
user-account-crew-04,true,"UserIdentity{name: 'CrewMember4', surname: 'CrewMember4', email: 'crew04@acme.com'}",member4,member4
user-account-crew-05,true,"UserIdentity{name: 'CrewMember5', surname: 'CrewMember5', email: 'crew05@acme.com'}",crew05,crew05
user-account-crew-06,true,"UserIdentity{name: 'CrewMember6', surname: 'CrewMember6', email: 'crew06@acme.com'}",crew06,crew06
user-account-crew-07,true,"UserIdentity{name: 'CrewMember7', surname: 'CrewMember7', email: 'crew07@acme.com'}",crew07,crew07
user-account-crew-08,true,"UserIdentity{name: 'CrewMember8', surname: 'CrewMember8', email: 'crew08@acme.com'}",crew08,crew08
user-account-crew-09,true,"UserIdentity{name: 'CrewMember9', surname: 'CrewMember9', email: 'crew09@acme.com'}",crew09,crew09
user-account-crew-10,true,"UserIdentity{name: 'CrewMember10', surname: 'CrewMember10', email: 'crew10@acme.com'}",crew10,crew10
user-account-crew-11,true,"UserIdentity{name: 'CrewMember11', surname: 'CrewMember11', email: 'crew11@acme.com'}",crew11,crew11
user-account-crew-12,true,"UserIdentity{name: 'CrewMember12', surname: 'CrewMember12', email: 'crew12@acme.com'}",crew12,crew12
user-account-crew-13,true,"UserIdentity{name: 'CrewMember13', surname: 'CrewMember13', email: 'crew13@acme.com'}",crew13,crew13
user-account-crew-14,true,"UserIdentity{name: 'CrewMember14', surname: 'CrewMember14', email: 'crew14@acme.com'}",crew14,crew14
user-account-crew-16,true,"UserIdentity{name: 'CrewMember16', surname: 'CrewMember16', email: 'crew16@acme.com'}",crew16,crew16
user-account-crew-17,true,"UserIdentity{name: 'CrewMember17', surname: 'CrewMember17', email: 'crew17@acme.com'}",crew17,crew17
user-account-crew-19,true,"UserIdentity{name: 'CrewMember19', surname: 'CrewMember19', email: 'crew19@acme.com'}",crew19,crew19
user-account-crew-20,true,"UserIdentity{name: 'CrewMember20', surname: 'CrewMember20', email: 'crew20@acme.com'}",crew20,crew20
user-account-crew-21,true,"UserIdentity{name: 'CrewMember21', surname: 'CrewMember21', email: 'crew21@acme.com'}",crew21,crew21
user-account-crew-22,true,"UserIdentity{name: 'CrewMember22', surname: 'CrewMember22', email: 'crew22@acme.com'}",crew22,crew22
user-account-crew-23,true,"UserIdentity{name: 'CrewMember23', surname: 'CrewMember23', email: 'crew23@acme.com'}",crew23,crew23
user-account-crew-24,true,"UserIdentity{name: 'CrewMember24', surname: 'CrewMember24', email: 'crew24@acme.com'}",crew24,crew24
user-account-crew-25,true,"UserIdentity{name: 'CrewMember25', surname: 'CrewMember25', email: 'crew25@acme.com'}",crew25,crew25
user-account-crew-26,true,"UserIdentity{name: 'CrewMember26', surname: 'CrewMember26', email: 'crew26@acme.com'}",crew26,crew26
user-account-crew-27,true,"UserIdentity{name: 'CrewMember27', surname: 'CrewMember27', email: 'crew27@acme.com'}",crew27,crew27
user-account-crew-28,true,"UserIdentity{name: 'CrewMember28', surname: 'CrewMember28', email: 'crew28@acme.com'}",crew28,crew28
user-account-crew-29,true,"UserIdentity{name: 'CrewMember29', surname: 'CrewMember29', email: 'crew29@acme.com'}",crew29,crew29
user-account-technician-01,true,"UserIdentity{name: 'Technician1', surname: 'Technician1', email: 'technician1@acme.com'}",technician1,technician1
user-account-technician-02,true,"UserIdentity{name: 'Technician2', surname: 'Technician2', email: 'technician2@acme.com'}",technician2,technician2
user-account-technician-03,true,"UserIdentity{name: 'Technician3', surname: 'Technician3', email: 'technician3@acme.com'}",technician3,technician3
user-account-technician-04,true,"UserIdentity{name: 'Technician4', surname: 'Technician4', email: 'technician4@acme.com'}",technician4,technician4
user-account-technician-05,true,"UserIdentity{name: 'Technician5', surname: 'Technician5', email: 'technician5@acme.com'}",technician5,technician5
user-account-technician-06,true,"UserIdentity{name: 'Technician6', surname: 'Technician6', email: 'technician6@acme.com'}",technician6,technician6
user-account-technician-07,true,"UserIdentity{name: 'Technician7', surname: 'Technician7', email: 'technician7@acme.com'}",technician7,technician7
user-account-technician-08,true,"UserIdentity{name: 'Technician8', surname: 'Technician8', email: 'technician8@acme.com'}",technician8,technician8
user-account-technician-09,true,"UserIdentity{name: 'Technician9', surname: 'Technician9', email: 'technician9@acme.com'}",technician9,technician9
user-account-technician-10,true,"UserIdentity{name: 'Technician10', surname: 'Technician10', email: 'technician10@acme.com'}",technician10,technician10
user-account-technician-11,true,"UserIdentity{name: 'Technician11', surname: 'Technician11', email: 'technician11@acme.com'}",technician11,technician11
user-account-technician-12,true,"UserIdentity{name: 'Technician12', surname: 'Technician12', email: 'technician12@acme.com'}",technician12,technician12
user-account-technician-13,true,"UserIdentity{name: 'Technician13', surname: 'Technician13', email: 'technician13@acme.com'}",technician13,technician13
user-account-technician-14,true,"UserIdentity{name: 'Technician14', surname: 'Technician14', email: 'technician14@acme.com'}",technician14,technician14
user-account-technician-15,true,"UserIdentity{name: 'Technician15', surname: 'Technician15', email: 'technician15@acme.com'}",technician15,technician15
user-account-technician-16,true,"UserIdentity{name: 'Technician16', surname: 'Technician16', email: 'technician16@acme.com'}",technician16,technician16
user-account-technician-17,true,"UserIdentity{name: 'Technician17', surname: 'Technician17', email: 'technician17@acme.com'}",technician17,technician17
user-account-technician-18,true,"UserIdentity{name: 'Technician18', surname: 'Technician18', email: 'technician18@acme.com'}",technician18,technician18
user-account-technician-19,true,"UserIdentity{name: 'Technician19', surname: 'Technician19', email: 'technician19@acme.com'}",technician19,technician19
user-account-technician-20,true,"UserIdentity{name: 'Technician20', surname: 'Technician20', email: 'technician20@acme.com'}",technician20,technician20
user-account-technician-21,true,"UserIdentity{name: 'Technician21', surname: 'Technician21', email: 'technician21@acme.com'}",technician21,technician21
user-account-technician-22,true,"UserIdentity{name: 'Technician22', surname: 'Technician22', email: 'technician22@acme.com'}",technician22,technician22
user-account-technician-23,true,"UserIdentity{name: 'Technician23', surname: 'Technician23', email: 'technician23@acme.com'}",technician23,technician23
user-account-technician-24,true,"UserIdentity{name: 'Technician24', surname: 'Technician24', email: 'technician24@acme.com'}",technician24,technician24
user-account-technician-25,true,"UserIdentity{name: 'Technician25', surname: 'Technician25', email: 'technician25@acme.com'}",technician25,technician25
user-account-technician-26,true,"UserIdentity{name: 'Technician26', surname: 'Technician26', email: 'technician26@acme.com'}",technician26,technician26
user-account-technician-27,true,"UserIdentity{name: 'Technician27', surname: 'Technician27', email: 'technician27@acme.com'}",technician27,technician27
user-account-technician-28,true,"UserIdentity{name: 'Technician28', surname: 'Technician28', email: 'technician28@acme.com'}",technician28,technician28
user-account-technician-29,true,"UserIdentity{name: 'Technician29', surname: 'Technician29', email: 'technician29@acme.com'}",technician29,technician29
user-account-technician-30,true,"UserIdentity{name: 'Technician30', surname: 'Technician30', email: 'technician30@acme.com'}",technician30,technician30
user-account-technician-31,true,"UserIdentity{name: 'Technician31', surname: 'Technician31', email: 'technician31@acme.com'}",technician31,technician31
user-account-technician-32,true,"UserIdentity{name: 'Technician32', surname: 'Technician32', email: 'technician32@acme.com'}",technician32,technician32
user-account-technician-33,true,"UserIdentity{name: 'Technician33', surname: 'Technician33', email: 'technician33@acme.com'}",technician33,technician33
user-account-technician-34,true,"UserIdentity{name: 'Technician34', surname: 'Technician34', email: 'technician34@acme.com'}",technician34,technician34
user-account-technician-35,true,"UserIdentity{name: 'Technician35', surname: 'Technician35', email: 'technician35@acme.com'}",technician35,technician35
user-account-technician-36,true,"UserIdentity{name: 'Technician36', surname: 'Technician36', email: 'technician36@acme.com'}",technician36,technician36
user-account-technician-37,true,"UserIdentity{name: 'Technician37', surname: 'Technician37', email: 'technician37@acme.com'}",technician37,technician37
user-account-technician-38,true,"UserIdentity{name: 'Technician38', surname: 'Technician38', email: 'technician38@acme.com'}",technician38,technician38
